{
  "auc_roc_mean": 0.961209,
  "auc_roc_std": 0.002481567810880832,
  "auc_pr_mean": 0.7871463999999999,
  "auc_pr_std": 0.00925742682606779,
  "f1_mean": 0.5966524,
  "f1_std": 0.007058789884959026,
  "precision_at_recall_80_mean": 0.5089504,
  "precision_at_recall_80_std": 0.03662821300909998
}