temporal_drift,device_drift,amount_drift,email_drift,velocity_drift,composite_drift
0.4619138911562539,0.5023629892445222,0.467509677290182,0.48815315630415346,0.5924884690047648,0.5477930429813606
